pdb1;pdb2;TMalign;RMSD
solraw19_0049.pdb;sol_19_0075.pdb;0.89159;1.81
solraw17_0052.pdb;sol_17_0097.pdb;0.81085;2.21
solraw13_0074.pdb;sol_13_0074.pdb;0.9535;0.9
solraw17_0016.pdb;sol_17_0085.pdb;0.89049;1.65
solraw38_0049.pdb;sol_38_0016.pdb;0.90214;1.5
solraw20_0044.pdb;sol_20_0011.pdb;0.87294;1.73
solraw38_0092.pdb;sol_38_0012.pdb;0.92128;1.29
solraw19_0049.pdb;sol_19_0050.pdb;0.96413;0.81
solraw25_0087.pdb;sol_25_0042.pdb;0.91516;1.41
solraw39_0024.pdb;sol_39_0024.pdb;0.94889;0.94
solraw22_0030.pdb;sol_22_0084.pdb;0.9071;1.6
solraw14_0006.pdb;sol_14_0079.pdb;0.92223;1.51
solraw24_0088.pdb;sol_24_0088.pdb;0.91141;1.51
solraw20_0098.pdb;sol_20_0011.pdb;0.85191;2.03
solraw0_0052.pdb;sol_0_0052.pdb;0.92115;1.39
solraw0_0052.pdb;sol_0_0007.pdb;0.91553;1.47
solraw10_0050.pdb;sol_10_0040.pdb;0.9119;1.29
solraw13_0057.pdb;sol_13_0073.pdb;0.89298;1.58
solraw1_0088.pdb;sol_1_0036.pdb;0.95144;1.05
solraw31_0008.pdb;sol_31_0050.pdb;0.86584;1.77
solraw27_0019.pdb;sol_27_0070.pdb;0.89267;1.8
solraw15_0046.pdb;sol_15_0046.pdb;0.90769;1.54
solraw14_0065.pdb;sol_14_0006.pdb;0.89628;1.96
solraw17_0050.pdb;sol_17_0097.pdb;0.86158;1.81
solraw15_0098.pdb;sol_15_0057.pdb;0.93736;1.42
solraw30_0058.pdb;sol_30_0058.pdb;0.91429;1.26
solraw39_0089.pdb;sol_39_0024.pdb;0.88383;1.34
solraw38_0012.pdb;sol_38_0016.pdb;0.91688;1.3
solraw39_0024.pdb;sol_39_0089.pdb;0.92541;1.35
solraw10_0094.pdb;sol_10_0050.pdb;0.93265;1.12
solraw1_0036.pdb;sol_1_0074.pdb;0.92724;1.35
solraw18_0053.pdb;sol_18_0053.pdb;0.92097;1.26
solraw0_0042.pdb;sol_0_0042.pdb;0.91376;1.56
solraw17_0085.pdb;sol_17_0097.pdb;0.82713;2.06
solraw25_0065.pdb;sol_25_0087.pdb;0.84267;2.07
solraw13_0074.pdb;sol_13_0073.pdb;0.92002;1.26
solraw10_0097.pdb;sol_10_0056.pdb;0.93334;1.25
solraw38_0092.pdb;sol_38_0092.pdb;0.94709;0.99
solraw15_0050.pdb;sol_15_0046.pdb;0.88757;1.71
solraw29_0011.pdb;sol_29_0100.pdb;0.93741;1.06
solraw25_0065.pdb;sol_25_0065.pdb;0.94904;0.97
solraw33_0035.pdb;sol_33_0035.pdb;0.89875;1.42
solraw17_0016.pdb;sol_17_0071.pdb;0.92735;1.1
solraw38_0012.pdb;sol_38_0092.pdb;0.93659;1.12
solraw10_0094.pdb;sol_10_0097.pdb;0.92037;1.26
solraw5_0084.pdb;sol_5_0084.pdb;0.94945;1.13
solraw2_0027.pdb;sol_2_0028.pdb;0.90661;1.67
solraw2_0027.pdb;sol_2_0007.pdb;0.86715;1.79
solraw27_0019.pdb;sol_27_0019.pdb;0.92047;1.49
solraw13_0057.pdb;sol_13_0013.pdb;0.85553;1.9
solraw20_0072.pdb;sol_20_0011.pdb;0.8811;1.75
solraw37_0005.pdb;sol_37_0005.pdb;0.91814;1.53
solraw15_0050.pdb;sol_15_0057.pdb;0.93226;1.2
solraw0_0052.pdb;sol_0_0004.pdb;0.88999;1.66
solraw27_0070.pdb;sol_27_0019.pdb;0.92431;1.26
solraw10_0068.pdb;sol_10_0040.pdb;0.93434;1.28
solraw10_0012.pdb;sol_10_0040.pdb;0.90998;1.28
solraw2_0007.pdb;sol_2_0056.pdb;0.85663;1.92
solraw25_0042.pdb;sol_25_0065.pdb;0.91333;1.39
solraw17_0016.pdb;sol_17_0050.pdb;0.93225;1.09
solraw9_0024.pdb;sol_9_0024.pdb;0.90905;1.64
solraw0_0018.pdb;sol_0_0052.pdb;0.79136;2.15
solraw31_0008.pdb;sol_31_0008.pdb;0.89697;1.55
solraw19_0049.pdb;sol_19_0009.pdb;0.90819;1.32
solraw13_0073.pdb;sol_13_0013.pdb;0.85244;1.85
solraw10_0012.pdb;sol_10_0056.pdb;0.93146;1.19
solraw16_0057.pdb;sol_16_0057.pdb;0.93301;1.11
solraw38_0012.pdb;sol_38_0012.pdb;0.96292;0.99
solraw37_0074.pdb;sol_37_0074.pdb;0.88312;1.8
solraw32_0010.pdb;sol_32_0010.pdb;0.93652;1.27
solraw10_0012.pdb;sol_10_0097.pdb;0.94538;1.05
solraw10_0050.pdb;sol_10_0050.pdb;0.92636;1.35
solraw20_0011.pdb;sol_20_0044.pdb;0.93741;1.06
solraw17_0052.pdb;sol_17_0085.pdb;0.91756;1.16
solraw10_0050.pdb;sol_10_0094.pdb;0.87541;1.7
solraw13_0017.pdb;sol_13_0013.pdb;0.87937;1.79
solraw10_0094.pdb;sol_10_0012.pdb;0.91178;1.31
solraw38_0016.pdb;sol_38_0049.pdb;0.91133;1.77
solraw1_0036.pdb;sol_1_0036.pdb;0.95161;1.04
solraw11_0020.pdb;sol_11_0009.pdb;0.9152;1.48
solraw6_0034.pdb;sol_6_0034.pdb;0.90239;1.44
solraw14_0065.pdb;sol_14_0065.pdb;0.89035;1.7
solraw29_0032.pdb;sol_29_0032.pdb;0.89656;1.79
solraw17_0050.pdb;sol_17_0050.pdb;0.93003;1.14
solraw1_0036.pdb;sol_1_0088.pdb;0.91535;1.63
solraw37_0074.pdb;sol_37_0079.pdb;0.87504;1.67
solraw25_0042.pdb;sol_25_0087.pdb;0.83635;2.11
solraw20_0098.pdb;sol_20_0098.pdb;0.91537;1.34
solraw1_0074.pdb;sol_1_0074.pdb;0.93454;1.13
solraw0_0007.pdb;sol_0_0018.pdb;0.90071;1.44
solraw16_0057.pdb;sol_16_0044.pdb;0.94404;1.0
solraw17_0020.pdb;sol_17_0050.pdb;0.95141;0.92
solraw29_0011.pdb;sol_29_0011.pdb;0.92399;1.48
solraw29_0032.pdb;sol_29_0100.pdb;0.919;1.54
solraw23_0008.pdb;sol_23_0069.pdb;0.93907;1.14
solraw15_0098.pdb;sol_15_0098.pdb;0.95376;0.93
solraw13_0073.pdb;sol_13_0073.pdb;0.9028;1.54
solraw11_0020.pdb;sol_11_0092.pdb;0.80769;2.23
solraw10_0040.pdb;sol_10_0094.pdb;0.89337;1.51
solraw10_0056.pdb;sol_10_0056.pdb;0.96615;0.75
solraw15_0050.pdb;sol_15_0058.pdb;0.88478;1.59
solraw0_0004.pdb;sol_0_0018.pdb;0.91698;1.34
solraw14_0079.pdb;sol_14_0079.pdb;0.92625;1.52
solraw0_0004.pdb;sol_0_0007.pdb;0.93575;1.12
solraw13_0074.pdb;sol_13_0013.pdb;0.8828;1.53
solraw11_0067.pdb;sol_11_0009.pdb;0.91491;1.4
solraw23_0008.pdb;sol_23_0097.pdb;0.88259;1.94
solraw13_0057.pdb;sol_13_0057.pdb;0.89376;1.5
solraw11_0020.pdb;sol_11_0067.pdb;0.93535;1.13
solraw17_0085.pdb;sol_17_0071.pdb;0.92584;1.41
solraw27_0007.pdb;sol_27_0007.pdb;0.95651;0.99
solraw2_0007.pdb;sol_2_0028.pdb;0.87435;1.77
solraw0_0004.pdb;sol_0_0004.pdb;0.94529;1.11
solraw15_0057.pdb;sol_15_0098.pdb;0.94354;0.92
solraw19_0050.pdb;sol_19_0049.pdb;0.89122;1.83
solraw1_0058.pdb;sol_1_0058.pdb;0.93508;1.29
solraw2_0028.pdb;sol_2_0007.pdb;0.862;1.97
solraw2_0056.pdb;sol_2_0007.pdb;0.8729;1.74
solraw15_0035.pdb;sol_15_0058.pdb;0.84091;2.12
solraw0_0007.pdb;sol_0_0004.pdb;0.91374;1.3
solraw15_0057.pdb;sol_15_0050.pdb;0.90347;1.44
solraw0_0018.pdb;sol_0_0007.pdb;0.89948;1.39
solraw13_0013.pdb;sol_13_0013.pdb;0.9348;1.15
solraw19_0049.pdb;sol_19_0049.pdb;0.91042;1.53
solraw11_0067.pdb;sol_11_0092.pdb;0.81345;2.22
solraw10_0097.pdb;sol_10_0050.pdb;0.92621;1.23
solraw1_0058.pdb;sol_1_0074.pdb;0.9096;1.52
solraw31_0050.pdb;sol_31_0008.pdb;0.89151;1.81
solraw19_0050.pdb;sol_19_0009.pdb;0.89531;1.55
solraw17_0052.pdb;sol_17_0071.pdb;0.91306;1.28
solraw0_0018.pdb;sol_0_0018.pdb;0.92796;1.19
solraw17_0020.pdb;sol_17_0085.pdb;0.92542;1.08
solraw10_0068.pdb;sol_10_0012.pdb;0.91303;1.4
solraw13_0013.pdb;sol_13_0017.pdb;0.87928;1.67
solraw39_0060.pdb;sol_39_0089.pdb;0.92119;1.38
solraw10_0012.pdb;sol_10_0094.pdb;0.86764;1.84
solraw20_0011.pdb;sol_20_0098.pdb;0.91998;1.22
solraw29_0011.pdb;sol_29_0032.pdb;0.88348;1.66
solraw1_0088.pdb;sol_1_0088.pdb;0.92482;1.33
solraw20_0046.pdb;sol_20_0098.pdb;0.9184;1.58
solraw23_0097.pdb;sol_23_0069.pdb;0.9116;1.25
solraw15_0035.pdb;sol_15_0050.pdb;0.89554;1.63
solraw15_0050.pdb;sol_15_0035.pdb;0.89971;1.48
solraw27_0077.pdb;sol_27_0019.pdb;0.88296;1.68
solraw28_0015.pdb;sol_28_0015.pdb;0.89212;1.48
solraw19_0050.pdb;sol_19_0075.pdb;0.88521;1.73
solraw15_0059.pdb;sol_15_0057.pdb;0.91172;1.56
solraw38_0016.pdb;sol_38_0016.pdb;0.90841;1.56
solraw14_0048.pdb;sol_14_0079.pdb;0.8767;1.83
solraw11_0009.pdb;sol_11_0067.pdb;0.90171;1.57
solraw27_0035.pdb;sol_27_0007.pdb;0.90707;1.64
solraw39_0060.pdb;sol_39_0060.pdb;0.93725;1.03
solraw15_0046.pdb;sol_15_0035.pdb;0.91991;1.45
solraw18_0069.pdb;sol_18_0053.pdb;0.89906;1.54
solraw13_0073.pdb;sol_13_0057.pdb;0.84896;1.86
solraw21_0081.pdb;sol_21_0081.pdb;0.9516;1.08
solraw10_0068.pdb;sol_10_0068.pdb;0.97022;0.7
solraw38_0049.pdb;sol_38_0049.pdb;0.93557;1.18
solraw10_0012.pdb;sol_10_0068.pdb;0.9441;1.12
solraw14_0006.pdb;sol_14_0065.pdb;0.87999;1.7
solraw10_0050.pdb;sol_10_0012.pdb;0.90144;1.56
solraw0_0007.pdb;sol_0_0042.pdb;0.91683;1.5
solraw11_0092.pdb;sol_11_0067.pdb;0.9191;1.38
solraw10_0068.pdb;sol_10_0056.pdb;0.94603;1.14
solraw20_0046.pdb;sol_20_0046.pdb;0.94789;0.98
solraw17_0071.pdb;sol_17_0020.pdb;0.91814;1.43
solraw11_0020.pdb;sol_11_0020.pdb;0.95637;0.85
solraw21_0061.pdb;sol_21_0081.pdb;0.93641;1.21
solraw15_0059.pdb;sol_15_0059.pdb;0.94224;1.18
solraw39_0060.pdb;sol_39_0024.pdb;0.9055;1.35
solraw39_0089.pdb;sol_39_0089.pdb;0.92774;1.31
solraw15_0050.pdb;sol_15_0098.pdb;0.92297;1.44
solraw28_0095.pdb;sol_28_0095.pdb;0.86437;2.09
solraw11_0067.pdb;sol_11_0067.pdb;0.94699;1.11
solraw15_0098.pdb;sol_15_0035.pdb;0.927;1.23
solraw38_0049.pdb;sol_38_0092.pdb;0.9115;1.26
solraw14_0079.pdb;sol_14_0065.pdb;0.91456;1.46
solraw10_0040.pdb;sol_10_0068.pdb;0.9531;0.91
solraw37_0079.pdb;sol_37_0079.pdb;0.95695;0.96
solraw38_0012.pdb;sol_38_0049.pdb;0.9068;1.41
solraw17_0016.pdb;sol_17_0097.pdb;0.85591;1.8
solraw28_0015.pdb;sol_28_0095.pdb;0.84519;2.1
solraw0_0042.pdb;sol_0_0052.pdb;0.78018;2.46
solraw2_0028.pdb;sol_2_0028.pdb;0.92111;1.44
solraw10_0056.pdb;sol_10_0012.pdb;0.92376;1.27
solraw29_0100.pdb;sol_29_0011.pdb;0.91386;1.41
solraw14_0079.pdb;sol_14_0048.pdb;0.87004;1.87
solraw17_0097.pdb;sol_17_0020.pdb;0.88978;1.58
solraw38_0049.pdb;sol_38_0012.pdb;0.92264;1.13
solraw1_0058.pdb;sol_1_0088.pdb;0.92486;1.47
solraw0_0018.pdb;sol_0_0004.pdb;0.91902;1.29
solraw11_0092.pdb;sol_11_0009.pdb;0.90302;1.69
solraw17_0052.pdb;sol_17_0020.pdb;0.8892;1.64
solraw11_0009.pdb;sol_11_0092.pdb;0.83333;2.26
solraw13_0013.pdb;sol_13_0074.pdb;0.94917;1.09
solraw10_0056.pdb;sol_10_0040.pdb;0.93933;1.06
solraw27_0070.pdb;sol_27_0077.pdb;0.92564;1.38
solraw20_0098.pdb;sol_20_0072.pdb;0.81762;2.12
solraw29_0100.pdb;sol_29_0100.pdb;0.94324;1.26
solraw20_0098.pdb;sol_20_0046.pdb;0.90664;1.64
solraw0_0042.pdb;sol_0_0018.pdb;0.90707;1.34
solraw15_0058.pdb;sol_15_0058.pdb;0.85298;1.73
solraw1_0074.pdb;sol_1_0058.pdb;0.89427;1.54
solraw15_0058.pdb;sol_15_0035.pdb;0.9334;1.27
solraw10_0040.pdb;sol_10_0040.pdb;0.93443;1.22
solraw19_0009.pdb;sol_19_0075.pdb;0.90541;1.4
solraw20_0044.pdb;sol_20_0072.pdb;0.85007;1.86
solraw0_0004.pdb;sol_0_0052.pdb;0.83487;1.96
solraw15_0059.pdb;sol_15_0046.pdb;0.87661;1.67
solraw17_0050.pdb;sol_17_0052.pdb;0.89021;1.48
solraw17_0097.pdb;sol_17_0016.pdb;0.91258;1.67
solraw10_0068.pdb;sol_10_0050.pdb;0.93458;1.3
solraw39_0089.pdb;sol_39_0060.pdb;0.89597;1.78
solraw17_0050.pdb;sol_17_0020.pdb;0.89342;1.58
solraw31_0050.pdb;sol_31_0050.pdb;0.9005;1.57
solraw15_0035.pdb;sol_15_0098.pdb;0.93921;1.02
solraw17_0085.pdb;sol_17_0052.pdb;0.92805;1.07
solraw15_0050.pdb;sol_15_0050.pdb;0.94314;0.99
solraw10_0097.pdb;sol_10_0012.pdb;0.89359;1.45
solraw10_0040.pdb;sol_10_0097.pdb;0.93527;1.1
solraw25_0087.pdb;sol_25_0065.pdb;0.92386;1.35
solraw10_0056.pdb;sol_10_0068.pdb;0.9612;0.8
solraw34_0013.pdb;sol_34_0013.pdb;0.94228;1.15
solraw10_0056.pdb;sol_10_0097.pdb;0.94337;1.15
solraw19_0075.pdb;sol_19_0050.pdb;0.9352;1.08
solraw0_0042.pdb;sol_0_0004.pdb;0.92004;1.19
solraw39_0024.pdb;sol_39_0060.pdb;0.92465;1.4
solraw2_0028.pdb;sol_2_0056.pdb;0.92792;1.44
solraw15_0098.pdb;sol_15_0059.pdb;0.90321;1.42
solraw17_0052.pdb;sol_17_0016.pdb;0.87863;1.61
solraw38_0092.pdb;sol_38_0049.pdb;0.91779;1.45
solraw15_0057.pdb;sol_15_0059.pdb;0.92194;1.44
solraw10_0012.pdb;sol_10_0012.pdb;0.89735;1.61
solraw22_0084.pdb;sol_22_0084.pdb;0.94961;0.98
solraw14_0079.pdb;sol_14_0006.pdb;0.91169;1.79
solraw25_0087.pdb;sol_25_0030.pdb;0.89631;1.42
solraw5_0006.pdb;sol_5_0084.pdb;0.90151;1.5
solraw27_0019.pdb;sol_27_0077.pdb;0.90445;1.58
solraw38_0016.pdb;sol_38_0092.pdb;0.9282;1.2
solraw10_0056.pdb;sol_10_0094.pdb;0.89361;1.47
solraw15_0059.pdb;sol_15_0035.pdb;0.94636;1.07
solraw10_0040.pdb;sol_10_0056.pdb;0.94638;1.1
solraw27_0007.pdb;sol_27_0077.pdb;0.91831;1.25
solraw2_0007.pdb;sol_2_0007.pdb;0.8968;1.7
solraw17_0020.pdb;sol_17_0020.pdb;0.92203;1.29
solraw1_0088.pdb;sol_1_0058.pdb;0.91032;1.33
solraw23_0097.pdb;sol_23_0097.pdb;0.90352;1.67
solraw13_0017.pdb;sol_13_0017.pdb;0.91772;1.39
solraw25_0030.pdb;sol_25_0065.pdb;0.90235;1.56
solraw20_0044.pdb;sol_20_0098.pdb;0.9163;1.38
solraw19_0075.pdb;sol_19_0009.pdb;0.91359;1.44
solraw3_0032.pdb;sol_3_0032.pdb;0.93912;1.35
solraw2_0056.pdb;sol_2_0056.pdb;0.95716;0.9
solraw13_0017.pdb;sol_13_0057.pdb;0.90896;1.55
solraw13_0073.pdb;sol_13_0074.pdb;0.91652;1.33
solraw12_0028.pdb;sol_12_0028.pdb;0.85344;2.02
solraw13_0057.pdb;sol_13_0074.pdb;0.9235;1.41
solraw8_0086.pdb;sol_8_0086.pdb;0.90954;1.26
solraw15_0058.pdb;sol_15_0046.pdb;0.86975;1.58
solraw17_0071.pdb;sol_17_0052.pdb;0.93086;1.18
solraw20_0072.pdb;sol_20_0072.pdb;0.87424;1.68
solraw15_0046.pdb;sol_15_0057.pdb;0.93143;1.37
solraw17_0020.pdb;sol_17_0016.pdb;0.92576;1.17
solraw20_0046.pdb;sol_20_0072.pdb;0.88307;1.65
solraw17_0085.pdb;sol_17_0016.pdb;0.9055;1.31
solraw14_0006.pdb;sol_14_0006.pdb;0.9066;1.58
solraw0_0018.pdb;sol_0_0042.pdb;0.90022;1.74
solraw20_0044.pdb;sol_20_0044.pdb;0.93918;1.22
solraw17_0097.pdb;sol_17_0050.pdb;0.90883;1.32
solraw37_0079.pdb;sol_37_0005.pdb;0.89381;1.37
solraw15_0057.pdb;sol_15_0058.pdb;0.86346;1.9
solraw27_0077.pdb;sol_27_0077.pdb;0.93912;1.27
solraw19_0075.pdb;sol_19_0049.pdb;0.89397;1.63
solraw17_0050.pdb;sol_17_0085.pdb;0.91502;1.49
solraw26_0086.pdb;sol_26_0086.pdb;0.84867;1.91
solraw17_0016.pdb;sol_17_0016.pdb;0.91529;1.22
solraw20_0044.pdb;sol_20_0046.pdb;0.92528;1.45
solraw10_0040.pdb;sol_10_0050.pdb;0.93405;1.24
solraw15_0098.pdb;sol_15_0046.pdb;0.90626;1.37
solraw10_0097.pdb;sol_10_0094.pdb;0.85973;1.96
solraw27_0070.pdb;sol_27_0070.pdb;0.93234;1.43
solraw20_0072.pdb;sol_20_0044.pdb;0.91053;1.56
solraw27_0035.pdb;sol_27_0019.pdb;0.88883;1.62
solraw25_0030.pdb;sol_25_0030.pdb;0.92482;1.19
solraw15_0057.pdb;sol_15_0057.pdb;0.9254;1.2
solraw17_0016.pdb;sol_17_0020.pdb;0.90577;1.43
solraw17_0085.pdb;sol_17_0085.pdb;0.93404;1.15
solraw12_0032.pdb;sol_12_0028.pdb;0.84262;2.05
solraw7_0002.pdb;sol_7_0002.pdb;0.93811;1.13
solraw22_0084.pdb;sol_22_0030.pdb;0.86482;1.72
solraw10_0012.pdb;sol_10_0050.pdb;0.93397;1.36
solraw17_0097.pdb;sol_17_0097.pdb;0.86096;1.71
solraw27_0035.pdb;sol_27_0035.pdb;0.91822;1.49
solraw17_0071.pdb;sol_17_0071.pdb;0.94099;1.07
solraw10_0040.pdb;sol_10_0012.pdb;0.90443;1.42
solraw1_0058.pdb;sol_1_0036.pdb;0.93817;1.08
solraw22_0030.pdb;sol_22_0030.pdb;0.86533;1.83
solraw20_0046.pdb;sol_20_0044.pdb;0.92552;1.52
solraw25_0065.pdb;sol_25_0042.pdb;0.91028;1.37
solraw15_0058.pdb;sol_15_0098.pdb;0.92855;1.09
solraw20_0011.pdb;sol_20_0072.pdb;0.85468;1.78
solraw19_0050.pdb;sol_19_0050.pdb;0.94608;0.91
solraw25_0030.pdb;sol_25_0087.pdb;0.87876;1.76
solraw15_0059.pdb;sol_15_0098.pdb;0.94231;1.09
solraw17_0097.pdb;sol_17_0085.pdb;0.90264;1.43
solraw10_0097.pdb;sol_10_0068.pdb;0.94458;0.98
solraw27_0077.pdb;sol_27_0070.pdb;0.88121;1.79
solraw23_0069.pdb;sol_23_0097.pdb;0.85256;1.85
solraw15_0098.pdb;sol_15_0050.pdb;0.9378;1.1
solraw14_0065.pdb;sol_14_0079.pdb;0.90107;1.52
solraw17_0097.pdb;sol_17_0071.pdb;0.91152;1.35
solraw27_0077.pdb;sol_27_0007.pdb;0.90886;1.45
solraw1_0074.pdb;sol_1_0036.pdb;0.93582;1.28
solraw15_0058.pdb;sol_15_0059.pdb;0.92836;1.1
solraw18_0053.pdb;sol_18_0069.pdb;0.84048;2.09
solraw13_0057.pdb;sol_13_0017.pdb;0.9141;1.21
solraw17_0052.pdb;sol_17_0052.pdb;0.931;1.17
solraw15_0058.pdb;sol_15_0050.pdb;0.91638;1.24
solraw27_0019.pdb;sol_27_0007.pdb;0.92254;1.26
solraw14_0048.pdb;sol_14_0048.pdb;0.87552;1.82
solraw37_0005.pdb;sol_37_0079.pdb;0.87801;1.55
solraw12_0032.pdb;sol_12_0032.pdb;0.90174;1.58
solraw13_0017.pdb;sol_13_0074.pdb;0.93406;1.55
solraw17_0085.pdb;sol_17_0050.pdb;0.93107;1.05
solraw29_0100.pdb;sol_29_0032.pdb;0.89677;1.77
solraw17_0020.pdb;sol_17_0052.pdb;0.92487;1.18
solraw1_0074.pdb;sol_1_0088.pdb;0.89295;1.62
solraw17_0085.pdb;sol_17_0020.pdb;0.90311;1.39
solraw1_0036.pdb;sol_1_0058.pdb;0.91289;1.62
solraw25_0087.pdb;sol_25_0087.pdb;0.84988;2.0
solraw11_0009.pdb;sol_11_0009.pdb;0.89827;1.68
solraw15_0059.pdb;sol_15_0058.pdb;0.86454;1.79
solraw38_0092.pdb;sol_38_0016.pdb;0.89802;1.51
solraw11_0092.pdb;sol_11_0092.pdb;0.81744;2.37
solraw11_0067.pdb;sol_11_0020.pdb;0.93498;1.24
solraw27_0007.pdb;sol_27_0070.pdb;0.90558;1.56
solraw14_0006.pdb;sol_14_0048.pdb;0.83201;2.13
solraw17_0052.pdb;sol_17_0050.pdb;0.9238;1.18
solraw17_0016.pdb;sol_17_0052.pdb;0.9222;1.2
solraw13_0017.pdb;sol_13_0073.pdb;0.90051;1.62
solraw17_0071.pdb;sol_17_0085.pdb;0.93079;1.4
solraw38_0016.pdb;sol_38_0012.pdb;0.94585;1.18
solraw37_0074.pdb;sol_37_0005.pdb;0.9188;1.22
solraw16_0044.pdb;sol_16_0057.pdb;0.92636;1.15
solraw21_0081.pdb;sol_21_0061.pdb;0.90188;1.52
solraw15_0059.pdb;sol_15_0050.pdb;0.92725;1.16
solraw10_0094.pdb;sol_10_0068.pdb;0.92577;1.16
solraw10_0068.pdb;sol_10_0097.pdb;0.9356;1.05
solraw2_0056.pdb;sol_2_0027.pdb;0.92368;1.22
solraw15_0057.pdb;sol_15_0035.pdb;0.94339;1.08
solraw10_0050.pdb;sol_10_0056.pdb;0.92727;1.51
solraw29_0032.pdb;sol_29_0011.pdb;0.89872;1.57
solraw17_0050.pdb;sol_17_0071.pdb;0.91947;1.19
solraw17_0050.pdb;sol_17_0016.pdb;0.93002;1.22
solraw27_0035.pdb;sol_27_0077.pdb;0.93633;1.36
solraw15_0057.pdb;sol_15_0046.pdb;0.87926;1.57
solraw23_0069.pdb;sol_23_0008.pdb;0.89284;1.68
solraw0_0042.pdb;sol_0_0007.pdb;0.91033;1.22
solraw10_0050.pdb;sol_10_0097.pdb;0.9289;1.19
solraw17_0020.pdb;sol_17_0097.pdb;0.86913;1.71
solraw37_0005.pdb;sol_37_0074.pdb;0.86808;2.09
solraw19_0009.pdb;sol_19_0050.pdb;0.95865;0.92
solraw27_0070.pdb;sol_27_0007.pdb;0.93945;1.1
solraw2_0007.pdb;sol_2_0027.pdb;0.84649;1.96
solraw21_0061.pdb;sol_21_0061.pdb;0.91405;1.35
solraw23_0069.pdb;sol_23_0069.pdb;0.94185;1.28
solraw37_0079.pdb;sol_37_0074.pdb;0.81056;2.12
solraw17_0097.pdb;sol_17_0052.pdb;0.8845;1.57
solraw14_0048.pdb;sol_14_0006.pdb;0.87439;1.74
solraw15_0035.pdb;sol_15_0035.pdb;0.95135;1.14
solraw10_0094.pdb;sol_10_0040.pdb;0.91284;1.39
solraw27_0070.pdb;sol_27_0035.pdb;0.90193;1.64
solraw20_0011.pdb;sol_20_0046.pdb;0.91893;1.26
solraw20_0072.pdb;sol_20_0046.pdb;0.91685;1.42
solraw2_0028.pdb;sol_2_0027.pdb;0.90327;1.52
solraw13_0013.pdb;sol_13_0057.pdb;0.89187;1.45
solraw25_0042.pdb;sol_25_0042.pdb;0.95619;1.0
solraw2_0027.pdb;sol_2_0056.pdb;0.92376;1.29
solraw23_0008.pdb;sol_23_0008.pdb;0.91187;1.5
solraw1_0088.pdb;sol_1_0074.pdb;0.93186;1.43
solraw19_0075.pdb;sol_19_0075.pdb;0.90493;1.73
solraw17_0020.pdb;sol_17_0071.pdb;0.93619;1.01
solraw25_0042.pdb;sol_25_0030.pdb;0.88426;1.67
solraw25_0030.pdb;sol_25_0042.pdb;0.90138;1.41
solraw15_0046.pdb;sol_15_0059.pdb;0.8957;1.69
solraw10_0056.pdb;sol_10_0050.pdb;0.94778;1.2
solraw15_0035.pdb;sol_15_0059.pdb;0.93658;1.09
solraw15_0035.pdb;sol_15_0057.pdb;0.9106;1.32
solraw15_0098.pdb;sol_15_0058.pdb;0.89081;1.55
solraw10_0094.pdb;sol_10_0094.pdb;0.91869;1.58
solraw20_0072.pdb;sol_20_0098.pdb;0.9043;1.6
solraw18_0069.pdb;sol_18_0069.pdb;0.88728;1.62
solraw0_0052.pdb;sol_0_0018.pdb;0.83047;1.84
solraw15_0058.pdb;sol_15_0057.pdb;0.89735;1.48
solraw27_0007.pdb;sol_27_0035.pdb;0.8824;1.72
solraw10_0097.pdb;sol_10_0097.pdb;0.94623;1.01
solraw17_0071.pdb;sol_17_0016.pdb;0.92487;1.25
solraw25_0065.pdb;sol_25_0030.pdb;0.89194;1.56
solraw17_0071.pdb;sol_17_0050.pdb;0.94592;1.04
solraw13_0074.pdb;sol_13_0017.pdb;0.91782;1.29
solraw0_0007.pdb;sol_0_0007.pdb;0.93767;1.08
solraw14_0048.pdb;sol_14_0065.pdb;0.92933;1.26
solraw12_0028.pdb;sol_12_0032.pdb;0.89441;1.52
solraw28_0095.pdb;sol_28_0015.pdb;0.89618;1.62
solraw13_0074.pdb;sol_13_0057.pdb;0.90439;1.65
solraw14_0065.pdb;sol_14_0048.pdb;0.84934;2.03
solraw2_0056.pdb;sol_2_0028.pdb;0.92221;1.23
solraw23_0097.pdb;sol_23_0008.pdb;0.8922;1.44
solraw27_0007.pdb;sol_27_0019.pdb;0.9412;1.02
solraw17_0071.pdb;sol_17_0097.pdb;0.85987;1.83
solraw27_0035.pdb;sol_27_0070.pdb;0.92212;1.43
solraw5_0006.pdb;sol_5_0006.pdb;0.91202;1.37
solraw27_0019.pdb;sol_27_0035.pdb;0.87342;1.94
solraw10_0097.pdb;sol_10_0040.pdb;0.90464;1.43
solraw15_0046.pdb;sol_15_0098.pdb;0.93315;1.3
solraw5_0084.pdb;sol_5_0006.pdb;0.90623;1.39
solraw11_0092.pdb;sol_11_0020.pdb;0.91805;1.52
solraw27_0077.pdb;sol_27_0035.pdb;0.87485;1.83
solraw2_0027.pdb;sol_2_0027.pdb;0.89476;1.72
solraw10_0068.pdb;sol_10_0094.pdb;0.89258;1.5
solraw20_0098.pdb;sol_20_0044.pdb;0.93039;1.22
solraw19_0009.pdb;sol_19_0049.pdb;0.91373;1.55
solraw0_0052.pdb;sol_0_0042.pdb;0.83918;1.92
solraw20_0046.pdb;sol_20_0011.pdb;0.88047;1.83
solraw0_0004.pdb;sol_0_0042.pdb;0.91935;1.28
solraw20_0011.pdb;sol_20_0011.pdb;0.90077;1.54
solraw15_0035.pdb;sol_15_0046.pdb;0.85741;1.71
solraw11_0009.pdb;sol_11_0020.pdb;0.90032;1.42
solraw0_0007.pdb;sol_0_0052.pdb;0.82047;2.24
solraw15_0050.pdb;sol_15_0059.pdb;0.8783;1.49
solraw19_0009.pdb;sol_19_0009.pdb;0.92613;1.22
solraw10_0050.pdb;sol_10_0068.pdb;0.94202;1.13
solraw13_0073.pdb;sol_13_0017.pdb;0.86299;1.7
solraw15_0046.pdb;sol_15_0058.pdb;0.89581;1.66
solraw13_0013.pdb;sol_13_0073.pdb;0.92037;1.41
solraw10_0094.pdb;sol_10_0056.pdb;0.93004;1.26
solraw15_0046.pdb;sol_15_0050.pdb;0.92657;1.19
solraw16_0044.pdb;sol_16_0044.pdb;0.94555;1.14
